Date,Open,High,Low,Close,Volume
2024-01-01,100.2854,100.4646,100.2854,100.375,1168046
2024-01-02,99.6867,100.3839,99.2587,99.8213,986340
2024-01-03,100.5149,101.1312,100.1745,100.6528,824736
2024-01-04,100.5027,100.514,100.0735,100.2937,851084
2024-01-05,100.4362,100.8914,100.4362,100.6638,1953129
2024-01-08,101.6558,102.2349,100.9647,101.5998,1056217
2024-01-09,100.8963,100.8963,100.5697,100.733,1335263
2024-01-10,100.3415,101.2023,99.7384,100.4704,832951
2024-01-11,100.0305,100.4307,99.99,100.2104,835715
2024-01-12,99.9334,100.5187,99.4634,99.991,1460947
2024-01-15,100.1201,100.1594,99.492,99.8257,704417
2024-01-16,99.6108,100.0808,99.0441,99.5625,932324
2024-01-17,100.2554,100.6811,100.0964,100.3887,1066836
2024-01-18,101.7993,102.0499,101.3027,101.6763,1091880
2024-01-19,101.8892,102.5878,101.7537,102.1708,1000761
2024-01-22,101.2873,101.3169,100.9133,101.1151,1189145
2024-01-23,101.0684,101.5187,100.4118,100.9652,1299976
2024-01-24,100.2859,100.6616,100.0647,100.3632,1316373
2024-01-25,99.8688,100.4331,99.724,100.0786,785643
2024-01-26,100.2123,100.6163,100.2123,100.4143,969711
2024-01-29,100.0248,100.0248,99.8001,99.9125,1511221
2024-01-30,99.6052,99.6594,98.9409,99.3001,1381104
2024-01-31,98.194,99.2187,97.4828,98.3507,699514
2024-02-01,98.9801,99.4174,98.3162,98.8668,1173432
2024-02-02,98.8016,99.5875,98.8016,99.1946,583344
2024-02-05,99.9252,100.4192,99.7238,100.0715,1070975
2024-02-06,98.8716,99.2793,98.4794,98.8793,1866041
2024-02-07,98.08,98.8044,97.8028,98.3036,794630
2024-02-08,98.0838,98.4058,98.0838,98.2448,822170
2024-02-09,97.7605,98.5339,97.3141,97.924,1328032
2024-02-12,97.4908,97.9487,96.8906,97.4197,664745
2024-02-13,97.6481,98.225,97.1628,97.6939,873421
2024-02-14,97.0071,97.958,97.0071,97.4826,1262914
2024-02-15,97.9165,98.7107,97.9165,98.3136,873020
2024-02-16,97.7606,98.4326,97.3858,97.9092,983830
2024-02-19,98.914,99.3131,98.2888,98.801,1320149
2024-02-20,98.5381,99.189,98.5381,98.8636,1198359
2024-02-21,98.5401,98.9449,98.3819,98.6634,1144004
2024-02-22,98.5072,99.0516,98.2223,98.637,953851
2024-02-23,98.6515,99.0081,97.6125,98.3103,1179992
2024-02-26,97.1289,97.3704,97.0745,97.2224,1017521
2024-02-27,97.4434,97.4538,97.2465,97.3501,1211465
2024-02-28,97.3391,97.7261,96.8835,97.3048,909745
2024-02-29,97.1642,97.9646,97.1642,97.5644,999718
2024-03-01,98.359,98.5971,97.7437,98.1704,784665
2024-03-04,97.9539,98.3405,97.4618,97.9012,1044968
2024-03-05,98.285,98.5091,97.8115,98.1603,827943
2024-03-06,98.6767,98.6767,97.3088,97.9927,755991
2024-03-07,98.0429,98.1996,98.0429,98.1212,1141208
2024-03-08,98.4163,98.4163,97.9562,98.1863,1125594
2024-03-11,97.6256,98.0664,97.3252,97.6958,1335561
2024-03-12,98.2119,98.2119,98.0718,98.1419,927884
2024-03-13,97.6747,98.0422,97.3294,97.6858,1193518
2024-03-14,97.4612,98.2791,96.8502,97.5647,1245738
2024-03-15,97.5785,98.1126,97.3227,97.7177,1206738
2024-03-18,97.6518,98.0067,97.1361,97.5714,824311
2024-03-19,97.6086,97.8979,97.6086,97.7532,1104395
2024-03-20,99.0348,99.1229,98.5758,98.8493,1177898
2024-03-21,98.9413,99.3662,98.7224,99.0443,1058277
2024-03-22,98.9305,99.5446,98.877,99.2108,564703
2024-03-25,99.3821,100.147,98.841,99.494,1108088
2024-03-26,100.0292,100.2259,99.2057,99.7158,2050838
2024-03-27,99.048,99.357,99.0045,99.1807,947884
2024-03-28,98.661,99.0156,98.1298,98.5727,848798
2024-03-29,98.9622,99.6388,98.648,99.1434,1181156
2024-04-01,98.8919,99.3247,98.0849,98.7048,1159748
2024-04-02,98.2347,98.7689,97.3644,98.0666,1510302
2024-04-03,98.885,98.885,98.4962,98.6906,724067
2024-04-04,98.7118,98.99,98.5203,98.7551,1315087
2024-04-05,98.1121,98.1121,97.8211,97.9666,1260635
2024-04-08,97.4981,97.8185,97.1299,97.4742,1011915
2024-04-09,97.7891,97.9541,96.9925,97.4733,1168937
2024-04-10,96.4899,97.2412,96.0861,96.6636,1438105
2024-04-11,96.2618,96.4525,95.7131,96.0828,1371882
2024-04-12,96.1838,96.554,95.9072,96.2306,749449
2024-04-15,96.4498,96.8804,96.0501,96.4652,1350583
2024-04-16,96.596,96.7989,96.3489,96.5739,1035705
2024-04-17,97.0742,97.8065,96.2195,97.013,1079342
2024-04-18,95.9347,96.0378,95.8872,95.9625,1079446
2024-04-19,96.236,96.6047,95.7641,96.1844,1009461
2024-04-22,96.8324,97.2281,95.6757,96.4519,1509836
2024-04-23,97.3901,97.5407,96.7608,97.1507,1029809
2024-04-24,97.8477,97.989,97.2821,97.6356,754745
2024-04-25,97.2999,97.7309,97.0909,97.4109,938408
2024-04-26,96.0037,96.5678,95.8675,96.2176,1114156
2024-04-29,96.56,96.9797,95.6801,96.3299,1526921
2024-04-30,96.8499,96.8499,96.7679,96.8089,1265437
2024-05-01,97.3202,97.6484,96.278,96.9632,818181
2024-05-02,96.9798,97.2035,96.9798,97.0916,2225644
2024-05-03,99.5394,99.9418,99.2513,99.5965,1143303
2024-05-06,99.4728,100.0998,99.4728,99.7863,1548221
2024-05-07,98.8808,99.4904,98.4655,98.9779,1009015
2024-05-08,99.697,99.697,99.5369,99.6169,1239238
2024-05-09,99.4397,100.046,99.0655,99.5558,1358430
2024-05-10,99.9944,100.6381,99.031,99.8346,1521882
2024-05-13,101.6067,101.7846,101.5256,101.6551,1450197
2024-05-14,101.4771,101.839,100.9509,101.3949,1371834
2024-05-15,107.1894,107.7647,107.1894,107.477,960754
2024-05-16,106.1108,106.6029,105.5735,106.0882,889554
2024-05-17,104.7679,105.6175,104.7679,105.1927,1166807
2024-05-20,105.2886,105.624,105.0516,105.3378,1397140
2024-05-21,107.0818,108.0551,106.9851,107.5201,987748
2024-05-22,108.2315,108.7272,107.0852,107.9062,1453596
2024-05-23,108.2194,108.4003,107.6187,108.0095,1632764
2024-05-24,108.7328,109.1969,108.0153,108.6061,802192
2024-05-27,110.2949,110.2949,109.9836,110.1393,821530
2024-05-28,110.4352,110.8971,110.4352,110.6661,1012453
2024-05-29,111.386,111.45,110.3532,110.9016,1158091
2024-05-30,111.6665,112.1832,110.6306,111.4069,902234
2024-05-31,112.1898,112.785,111.7273,112.2562,1584312
2024-06-03,113.0094,113.0697,112.3093,112.6895,1199265
2024-06-04,111.9591,112.7185,111.8207,112.2696,1068572
2024-06-05,112.2681,112.6052,112.2681,112.4366,686407
2024-06-06,113.1832,113.9462,112.7652,113.3557,711588
2024-06-07,114.1366,114.9466,113.6289,114.2878,1148885
2024-06-10,114.1813,114.8381,114.1293,114.4837,556944
2024-06-11,114.9184,114.9187,114.2175,114.5681,1430867
2024-06-12,115.1027,115.6992,114.6553,115.1772,1007068
2024-06-13,115.2924,115.5511,114.8308,115.1909,2793840
2024-06-14,116.1497,116.7654,115.8657,116.3156,2110372
2024-06-17,115.1727,116.648,114.7507,115.6993,1000054
2024-06-18,116.3181,116.6472,115.8321,116.2396,1022845
2024-06-19,114.4842,115.2385,114.4842,114.8614,1423564
2024-06-20,116.5487,116.884,116.2534,116.5687,1760224
2024-06-21,116.0501,117.0876,115.8094,116.4485,646023
2024-06-24,117.8403,117.8403,116.9861,117.4132,617903
2024-06-25,117.4441,117.4936,116.8606,117.1771,876234
2024-06-26,118.3324,119.087,117.5153,118.3011,1257732
2024-06-27,117.4921,117.9231,116.3211,117.1221,1225748
2024-06-28,117.827,118.4073,117.7463,118.0768,1455603
2024-07-01,119.3479,119.3479,119.2842,119.316,736813
2024-07-02,119.4443,120.1027,118.6665,119.3846,527105
2024-07-03,119.0171,119.2515,118.6257,118.9386,1366009
2024-07-04,119.4413,119.7271,118.3981,119.0626,823683
2024-07-05,118.8578,118.8578,118.8436,118.8507,576340
2024-07-08,119.6987,120.3043,118.9204,119.6124,1102972
2024-07-09,119.1798,119.5565,119.1798,119.3681,1339695
2024-07-10,119.3231,120.2634,118.9569,119.6102,1018032
2024-07-11,119.0706,119.587,118.6273,119.1072,920475
2024-07-12,120.1456,120.3688,119.8662,120.1175,1006703
2024-07-15,119.5236,120.2441,119.4804,119.8623,944891
2024-07-16,119.3886,119.3886,118.1126,118.7506,704741
2024-07-17,120.4276,120.4781,119.4675,119.9728,852216
2024-07-18,121.3637,121.8077,120.555,121.1813,1234756
2024-07-19,122.6612,123.6144,121.6637,122.6391,1162988
2024-07-22,122.5021,122.674,122.4604,122.5672,1110607
2024-07-23,122.2883,123.4668,121.6932,122.58,783444
2024-07-24,122.5952,123.0873,122.0556,122.5714,1000038
2024-07-25,122.7279,122.919,122.3787,122.6489,549563
2024-07-26,122.1381,122.4657,122.1381,122.3019,1114083
2024-07-29,122.5545,122.8957,122.0087,122.4522,1621167
2024-07-30,123.0016,123.7684,122.3303,123.0494,678581
2024-07-31,122.9794,123.904,122.9794,123.4417,885778
2024-08-01,123.3069,124.4405,122.705,123.5727,1165583
2024-08-02,124.4976,124.7633,124.4897,124.6265,1537783
2024-08-05,124.357,124.357,123.3721,123.8645,923136
2024-08-06,124.4473,124.4602,124.0886,124.2744,857970
2024-08-07,123.5712,124.5712,123.399,123.9851,584974
2024-08-08,125.773,126.3456,124.895,125.6203,1089284
2024-08-09,126.003,126.8015,126.003,126.4022,1948602
2024-08-12,127.7636,127.7636,127.4552,127.6094,1147627
2024-08-13,128.2255,128.9413,127.8121,128.3767,1048966
2024-08-14,127.0817,127.731,126.492,127.1115,1163129
2024-08-15,127.6051,127.7951,126.572,127.1835,1052493
2024-08-16,126.0253,127.2504,125.614,126.4322,827443
2024-08-19,125.544,126.0113,125.544,125.7777,1351849
2024-08-20,125.633,126.491,125.1421,125.8165,1130000
2024-08-21,125.8211,126.2966,124.6941,125.4953,1061595
2024-08-22,124.9904,125.1011,124.9904,125.0457,788107
2024-08-23,123.3961,124.5464,123.3961,123.9713,1561335
2024-08-26,125.3744,125.8915,125.1405,125.516,1289043
2024-08-27,126.047,126.3563,125.3904,125.8733,894592
2024-08-28,126.2347,126.4479,125.2661,125.857,1426233
2024-08-29,125.3128,125.8376,125.0785,125.458,909571
2024-08-30,124.8636,125.3233,124.6612,124.9922,835176
2024-09-02,124.2734,124.4201,123.4119,123.916,840783
2024-09-03,124.159,124.6132,124.159,124.3861,620747
2024-09-04,123.6265,123.973,123.5205,123.7467,1216468
2024-09-05,122.7502,123.3492,122.0343,122.6917,609659
2024-09-06,122.762,122.8331,122.4156,122.6243,730487
2024-09-09,121.8452,122.6513,121.3501,122.0007,566551
2024-09-10,122.2096,122.8009,121.5972,122.1991,1029083
2024-09-11,122.2014,122.3355,122.2014,122.2684,1009437
2024-09-12,123.4733,124.004,123.3497,123.6768,957413
2024-09-13,123.0674,123.7133,122.1427,122.928,772375
2024-09-16,124.4185,124.9266,124.4185,124.6726,742909
2024-09-17,123.8705,124.2326,123.4718,123.8522,1213853
2024-09-18,123.6427,124.1129,122.8966,123.5047,895228
2024-09-19,122.8813,123.6712,122.3019,122.9866,1161133
2024-09-20,121.5873,121.9605,121.1105,121.5355,809705
2024-09-23,121.077,121.7096,121.0287,121.3691,1114948
2024-09-24,121.5403,122.4355,120.7708,121.6031,1561228
2024-09-25,122.3795,123.1069,121.2794,122.1931,1259026
2024-09-26,123.3056,123.9915,122.5229,123.2572,933107
2024-09-27,122.7317,123.4246,122.3993,122.9119,1140708
2024-09-30,123.7705,123.996,123.4063,123.7012,982445
2024-10-01,124.262,124.3305,123.7502,124.0404,1058500
2024-10-02,122.7038,123.9482,122.7038,123.326,957725
2024-10-03,123.2765,123.5149,122.3258,122.9203,1005202
2024-10-04,122.53,123.4674,121.7988,122.6331,1125376
2024-10-07,123.1055,123.6266,122.3228,122.9747,783865
2024-10-08,121.2999,121.2999,121.059,121.1794,778587
2024-10-09,121.168,122.3271,120.8428,121.5849,696231
2024-10-10,121.6786,122.1391,121.6505,121.8948,653382
2024-10-11,122.1649,122.6482,121.8579,122.2531,732937
2024-10-14,121.8263,122.6148,121.5161,122.0654,1107746
2024-10-15,122.7954,123.2421,121.288,122.2651,807875
2024-10-16,121.9231,123.4336,120.9361,122.1849,1231919
2024-10-17,119.9757,120.7689,119.5162,120.1426,1067056
2024-10-18,121.2984,121.677,120.796,121.2365,585047
2024-10-21,121.2017,122.1833,120.9508,121.567,1285287
2024-10-22,122.16,122.9872,121.5747,122.2809,1346796
2024-10-23,121.6528,121.9646,121.1481,121.5564,783746
2024-10-24,121.7954,122.8221,120.9716,121.8969,1197872
2024-10-25,122.0665,122.6395,121.5504,122.095,816719
2024-10-28,120.9499,121.7151,120.5051,121.1101,1087401
2024-10-29,120.7851,121.8906,120.5977,121.2442,722628
2024-10-30,121.2123,121.7015,120.5284,121.1149,616656
2024-10-31,121.4415,121.5975,120.2245,120.911,941429
2024-11-01,120.6146,120.9425,120.2755,120.609,1017522
2024-11-04,121.1914,121.4725,120.774,121.1232,937241
2024-11-05,120.3059,120.3141,119.8818,120.0979,740285
2024-11-06,118.9257,119.8864,118.7222,119.3043,936617
2024-11-07,119.9527,120.1082,118.7805,119.4443,1144854
2024-11-08,119.641,120.1683,118.9927,119.5805,1041874
2024-11-11,120.2792,120.6708,118.9102,119.7905,1115429
2024-11-12,120.5951,121.2984,120.3346,120.8165,863686
2024-11-13,121.5698,121.6657,120.3738,121.0198,1500809
2024-11-14,120.558,120.558,120.1208,120.3394,742032
2024-11-15,122.1821,122.407,121.6198,122.0134,1222328
2024-11-18,122.0239,122.61,121.2951,121.9526,1505397
2024-11-19,122.9505,123.728,122.3259,123.0269,1219891
2024-11-20,121.8022,121.8521,121.0234,121.4377,993751
2024-11-21,121.3459,121.7712,120.8355,121.3033,901225
2024-11-22,121.0996,121.3334,121.0996,121.2165,1440968
2024-11-25,120.8792,121.616,120.8194,121.2177,689076
2024-11-26,122.4137,123.1786,121.7626,122.4706,789348
2024-11-27,123.0579,123.5959,122.3293,122.9626,937275
2024-11-28,122.1967,122.8252,121.6027,122.214,1530792
2024-11-29,122.7772,122.906,121.9024,122.4042,1183433
2024-12-02,121.9675,122.9507,121.9675,122.4591,789840
2024-12-03,122.693,122.9776,122.3204,122.649,962132
2024-12-04,121.8884,123.1058,121.784,122.4449,878264
2024-12-05,121.3505,121.7069,120.534,121.1204,853467
2024-12-06,119.7754,120.4008,119.2066,119.8037,1416453
2024-12-09,119.6936,119.9207,119.2157,119.5682,699749
2024-12-10,118.9722,119.0452,118.9722,119.0087,1711078
2024-12-11,119.4222,119.7788,118.3041,119.0415,1353858
2024-12-12,120.5907,120.6434,119.9116,120.2775,1464842
2024-12-13,119.8962,119.9939,119.4493,119.7216,919070
2024-12-16,120.1524,120.8388,119.5439,120.1914,1009552
2024-12-17,120.3013,120.5135,119.7409,120.1272,686975
2024-12-18,120.1963,121.146,119.6722,120.4091,902208
2024-12-19,120.1197,120.4906,119.2359,119.8633,1224565
2024-12-20,120.0083,120.1569,118.874,119.5154,1557852
2024-12-23,121.2656,121.2656,120.9584,121.112,757556
2024-12-24,121.5033,122.5072,120.9433,121.7253,946331
2024-12-25,119.8845,120.3179,119.2345,119.7762,1009141
2024-12-26,121.9564,122.751,121.9529,122.352,694719
2024-12-27,122.1182,122.4664,121.4209,121.9437,1260986
2024-12-30,122.2968,122.2968,122.1874,122.2421,849839
2024-12-31,121.7181,122.8788,121.7006,122.2897,995880
2025-01-01,122.1012,122.5762,122.1012,122.3387,922105
2025-01-02,122.7999,123.046,122.7278,122.8869,833341
2025-01-03,122.6517,122.8613,122.6268,122.7441,1053771
2025-01-06,122.5169,123.6535,122.1235,122.8885,989858
2025-01-07,122.6463,122.8631,122.1913,122.5272,944529
2025-01-08,123.1732,123.9658,122.2258,123.0958,848700
2025-01-09,124.1487,124.5727,123.8452,124.209,1162237
2025-01-10,124.9923,125.1387,124.9923,125.0655,1734249
2025-01-13,124.2803,124.2803,123.8419,124.0611,1101260
2025-01-14,124.8327,125.1227,123.5137,124.3182,1423793
2025-01-15,123.5077,124.1132,123.2011,123.6572,695880
2025-01-16,122.631,123.1756,122.4624,122.819,1107181
2025-01-17,124.9661,125.352,124.2736,124.8128,759784
2025-01-20,124.9394,125.677,124.4256,125.0513,678013
2025-01-21,125.2574,126.0822,124.5198,125.301,845927
2025-01-22,126.3701,127.0069,125.2669,126.1369,1509923
2025-01-23,128.2194,129.0634,128.2194,128.6414,1404237
2025-01-24,128.6316,128.6316,128.2853,128.4584,1135860
2025-01-27,130.0473,130.4362,129.6111,130.0236,666762
2025-01-28,130.8935,131.6206,130.436,131.0283,995614
2025-01-29,131.4454,131.7472,131.2023,131.4748,1156038
2025-01-30,131.6224,131.9093,131.3602,131.6348,1113101
2025-01-31,132.1416,133.3381,132.0939,132.716,607350
2025-02-03,133.7436,133.7656,132.7256,133.2456,808474
2025-02-04,133.4726,134.0014,132.9162,133.4588,1035895
2025-02-05,133.8445,134.0284,133.3645,133.6965,1240329
2025-02-06,134.7236,134.8796,133.9282,134.4039,546430
2025-02-07,134.1449,134.7234,134.1449,134.4342,1005869
2025-02-10,133.9764,134.5915,133.0445,133.818,1102305
2025-02-11,134.1895,135.0945,133.4642,134.2794,1362570
2025-02-12,133.9785,133.9785,133.8961,133.9373,1299977
2025-02-13,133.805,134.3792,133.805,134.0921,1257670
2025-02-14,134.2645,134.433,134.1626,134.2978,830694
2025-02-17,134.4006,134.9669,134.24,134.6035,595763
2025-02-18,135.4546,135.8271,134.7898,135.3084,938543
2025-02-19,135.2237,135.2237,134.9263,135.075,1426150
2025-02-20,134.3605,134.8888,134.3084,134.5986,1604040
2025-02-21,132.81,133.3119,132.7818,133.0468,1306895
2025-02-24,131.6249,132.2426,131.0801,131.6613,1423746
2025-02-25,128.2154,129.0353,127.9717,128.5035,1402675
2025-02-26,129.3996,129.458,128.7977,129.1278,1059348
2025-02-27,130.1204,130.8076,129.6736,130.2406,1203785
2025-02-28,129.2542,130.0078,129.2542,129.631,2065165
2025-03-03,127.54,128.1009,127.2184,127.6596,943387
2025-03-04,129.3912,130.6811,128.7749,129.728,2031801
2025-03-05,129.1583,130.5536,128.8207,129.6872,1136417
2025-03-06,127.4817,127.8394,127.4817,127.6606,1862871
2025-03-07,127.1113,127.7958,126.3574,127.0766,820734
2025-03-10,125.8625,126.1512,124.7405,125.4459,1492213
2025-03-11,124.3491,124.4634,124.0401,124.2518,1003464
2025-03-12,118.7259,119.5765,118.2358,118.9062,818656
2025-03-13,119.278,119.9852,118.2992,119.1422,1336493
2025-03-14,117.9296,118.2723,117.8579,118.0651,1694403
2025-03-17,120.4335,120.9042,120.3818,120.643,971423
2025-03-18,118.4877,119.5478,118.1135,118.8306,798344
2025-03-19,115.3242,116.3577,115.3053,115.8315,1217666
2025-03-20,116.1867,116.8935,115.7066,116.3001,1219277
2025-03-21,120.9255,121.4436,120.3119,120.8778,1475482
2025-03-24,122.2348,122.8489,121.6798,122.2644,1664238
2025-03-25,123.9748,124.271,123.9366,124.1038,1229570
2025-03-26,125.369,126.4321,124.9003,125.6662,2183961
2025-03-27,127.3433,127.956,126.3439,127.1499,1338781
2025-03-28,126.0332,126.8974,126.0018,126.4496,1128130
2025-03-31,124.858,125.1038,124.1286,124.6162,771837
2025-04-01,124.2782,124.5115,124.2782,124.3948,1156839
2025-04-02,127.3652,128.2469,126.9636,127.6052,1131533
2025-04-03,128.1844,129.318,127.9943,128.6562,1669594
2025-04-04,128.742,129.4032,128.404,128.9036,1437973
2025-04-07,132.0065,132.5083,130.8626,131.6854,878691
2025-04-08,127.0939,127.3532,126.5074,126.9303,1318066
2025-04-09,127.5373,127.8787,126.5735,127.2261,1531042
2025-04-10,127.4452,127.5286,127.0295,127.2791,1979608
2025-04-11,123.1019,123.9304,122.9545,123.4425,1633525
2025-04-14,122.1852,122.7329,121.8399,122.2864,1572620
2025-04-15,121.5903,122.3701,121.2857,121.8279,1274450
2025-04-16,118.7055,118.7055,117.9338,118.3197,1406329
2025-04-17,115.6837,116.4645,115.5973,116.0309,1820918
2025-04-18,117.9461,118.3484,117.018,117.6832,839168
2025-04-21,119.3382,119.4446,118.7001,119.0724,1127110
2025-04-22,116.9624,116.9624,116.7785,116.8705,992745
2025-04-23,116.3916,117.3847,115.6372,116.5109,1402470
2025-04-24,114.3367,114.9054,113.3616,114.1335,1810414
2025-04-25,112.0478,112.0478,111.7311,111.8894,1046443
2025-04-28,112.6591,113.4403,112.2263,112.8333,611034
2025-04-29,112.95,113.6284,112.95,113.2892,1106081
2025-04-30,113.4348,114.4665,113.4348,113.9507,1646302
2025-05-01,114.2833,114.6035,113.5566,114.0801,1470758
2025-05-02,110.9866,111.7732,110.9866,111.3799,1423253
2025-05-05,110.06,110.4305,109.8946,110.1625,1150839
2025-05-06,108.3519,108.517,107.9501,108.2335,852808
2025-05-07,110.4105,110.5987,110.1202,110.3594,1460936
2025-05-08,109.5965,109.7358,109.2243,109.4801,974534
2025-05-09,106.476,106.8282,106.0055,106.4169,2410221
2025-05-12,109.8157,109.8157,109.2531,109.5344,1485336
2025-05-13,106.8322,107.6616,106.5127,107.0872,1051581
2025-05-14,112.1707,113.1445,111.5772,112.3609,1041929
2025-05-15,111.3888,111.9214,111.2875,111.6044,1217264
2025-05-16,109.599,109.8618,108.8821,109.372,1164904
2025-05-19,106.9173,107.2105,106.1438,106.6772,1749866
2025-05-20,108.4087,108.8219,107.7512,108.2865,1323678
2025-05-21,110.8276,110.9595,110.0419,110.5007,1005012
2025-05-22,113.7216,114.6832,113.4319,114.0575,2206972
2025-05-23,116.066,116.1581,115.0104,115.5842,1270336
2025-05-26,115.717,115.717,115.3647,115.5409,1576396
2025-05-27,121.9254,122.4,121.0033,121.7016,1042916
2025-05-28,121.0972,121.2564,119.864,120.5602,1395739
2025-05-29,118.1136,118.6994,118.1136,118.4065,1374132
2025-05-30,115.0261,115.6466,114.7077,115.1772,710060
2025-06-02,114.6791,115.5069,114.2737,114.8903,2291191
2025-06-03,113.0611,113.2618,112.4534,112.8576,1843531
2025-06-04,112.3995,113.388,112.0028,112.6954,1111078
2025-06-05,111.5622,112.3232,110.3795,111.3514,899252
2025-06-06,110.2693,110.2693,109.7351,110.0022,1389241
2025-06-09,111.5751,111.5751,111.2992,111.4372,1284665
2025-06-10,106.3415,106.7557,105.7765,106.2661,1392624
2025-06-11,109.0866,109.9519,108.7614,109.3566,1325729
2025-06-12,108.7253,109.3415,108.5705,108.956,1456974
2025-06-13,108.1852,108.5931,107.1034,107.8483,1932242
2025-06-16,110.5352,110.5352,110.2432,110.3892,1484266
2025-06-17,108.2752,108.8689,107.7025,108.2857,913559
2025-06-18,106.5747,106.9837,106.3887,106.6862,1883738
2025-06-19,105.3661,106.6902,105.1146,105.9024,2047611
2025-06-20,103.3823,104.4875,102.8321,103.6598,3222335
2025-06-23,104.2575,104.2575,103.7444,104.001,893544
2025-06-24,101.5735,102.1645,101.5735,101.869,1346291
2025-06-25,98.6781,99.1955,98.0673,98.6314,670226
2025-06-26,99.9311,100.0016,99.3585,99.68,1477622
2025-06-27,98.602,99.299,98.5257,98.9124,1061867
2025-06-30,95.9247,96.2688,95.492,95.8804,2228933
2025-07-01,97.3425,97.3425,97.3113,97.3269,992136
2025-07-02,98.4765,98.8646,98.0823,98.4734,754073
2025-07-03,100.7767,100.7767,100.2499,100.5133,1086661
2025-07-04,100.9787,101.5892,100.9787,101.2839,692008
2025-07-07,102.1497,102.5817,101.1784,101.8801,1568028
2025-07-08,101.5304,101.7253,101.4233,101.5743,673656
2025-07-09,99.4361,99.803,98.6862,99.2446,1262415
2025-07-10,95.2656,95.4882,94.8331,95.1606,671088
2025-07-11,95.4549,95.9592,95.3012,95.6302,1137007
2025-07-14,88.0684,88.5092,87.5268,88.018,2049309
2025-07-15,87.9581,88.7821,87.955,88.3685,1394706
2025-07-16,86.5669,86.881,85.9922,86.4366,966031
2025-07-17,85.0808,85.5221,84.5127,85.0174,1240021
2025-07-18,85.3546,85.5029,84.9341,85.2185,1258467
2025-07-21,88.6647,88.6762,88.1854,88.4308,1442356
2025-07-22,90.154,90.236,89.9064,90.0712,830632
2025-07-23,90.6077,90.787,90.3614,90.5742,1495199
2025-07-24,87.4479,88.5084,86.7734,87.6409,556088
2025-07-25,87.8433,88.571,87.4289,88.0,1036162
2025-07-28,88.4654,88.4654,88.2361,88.3507,1081130
2025-07-29,91.1654,91.1654,90.9187,91.042,1513594
2025-07-30,92.1587,92.6713,91.7559,92.2136,1260210
2025-07-31,93.2269,93.6911,92.7413,93.2162,821043
2025-08-01,95.3951,96.0987,95.1239,95.6113,931453
2025-08-04,92.7359,92.7875,92.1421,92.4648,1328557
2025-08-05,88.7595,88.9443,88.2799,88.6121,1222342
2025-08-06,92.4353,92.4353,91.5786,92.0069,1052062
2025-08-07,89.2405,89.81,89.0638,89.4369,1083546
2025-08-08,87.5871,87.664,87.5871,87.6256,1542400
2025-08-11,91.6001,91.8712,91.223,91.5471,1071630
2025-08-12,95.0946,95.1593,94.7231,94.9412,1219038
2025-08-13,92.8917,93.3461,92.5374,92.9418,2400004
2025-08-14,93.7171,94.8585,92.9856,93.922,816592
2025-08-15,95.7433,95.9851,95.0804,95.5328,718159
2025-08-18,96.4999,96.6511,96.0013,96.3262,1583387
2025-08-19,95.1471,95.9228,94.8082,95.3655,1021116
2025-08-20,93.6458,93.7929,92.8661,93.3295,1137710
2025-08-21,95.2184,95.4001,94.4811,94.9406,990190
2025-08-22,96.9181,97.3907,96.3805,96.8856,1157832
2025-08-25,96.0656,96.8257,95.2672,96.0465,2021926
2025-08-26,97.3152,97.3496,97.0117,97.1806,1592217
2025-08-27,97.2006,97.8923,96.9285,97.4104,1621183
2025-08-28,97.0576,97.2587,96.8419,97.0503,818420
2025-08-29,95.726,96.7095,95.726,96.2177,886160
2025-09-01,97.1872,97.1872,96.7677,96.9774,534066
2025-09-02,95.4941,96.1005,95.4941,95.7973,981842
2025-09-03,94.9864,94.9864,94.3409,94.6637,1667791
2025-09-04,93.3014,93.9342,92.8227,93.3785,1461660
2025-09-05,91.7795,92.3641,91.2921,91.8281,1171207
2025-09-08,91.7913,92.0687,91.7913,91.93,1243337
2025-09-09,89.7179,90.1516,89.4136,89.7826,1017983
2025-09-10,90.371,90.371,89.9057,90.1383,1330982
2025-09-11,93.5136,93.7913,93.5136,93.6525,1574996
2025-09-12,91.345,91.379,90.7296,91.0543,770838
2025-09-15,90.9258,91.1564,90.5417,90.849,1369415
2025-09-16,92.7508,93.8552,92.2079,93.0315,1655693
2025-09-17,94.3968,95.1118,94.1907,94.6512,1105125
2025-09-18,99.3671,99.3671,99.1201,99.2436,1544499
2025-09-19,97.3565,97.8673,97.3071,97.5872,2912132
2025-09-22,95.2058,96.0581,94.9042,95.4812,1213109
2025-09-23,96.8133,97.3282,95.7494,96.5388,1408438
2025-09-24,98.9573,98.9573,98.7935,98.8754,1003077
2025-09-25,97.0201,97.0668,97.0201,97.0434,1321628
2025-09-26,97.7055,98.4087,96.8966,97.6527,1437019
2025-09-29,96.0191,96.7261,95.8059,96.266,1327028
2025-09-30,93.7923,93.7923,93.3687,93.5805,921807
2025-10-01,93.8247,94.0508,93.1021,93.5764,1331622
2025-10-02,96.3894,96.3894,96.1446,96.267,1940893
2025-10-03,94.1455,94.4373,93.6836,94.0605,1432011
2025-10-06,94.6238,94.6476,93.7704,94.209,1670437
2025-10-07,94.4257,94.9781,93.8736,94.4258,1165774
2025-10-08,93.6021,93.9721,93.6021,93.7871,1567464
2025-10-09,90.246,90.5208,89.7687,90.1447,1361068
2025-10-10,90.6924,90.6924,90.3034,90.4979,941026
2025-10-13,87.9726,88.5942,87.7986,88.1964,1377190
2025-10-14,89.6726,89.952,89.5554,89.7537,929582
2025-10-15,90.497,90.6907,90.115,90.4029,1035231
2025-10-16,90.0349,90.2279,89.8662,90.0471,1324835
2025-10-17,90.8159,91.5222,90.5568,91.0395,1368428
2025-10-20,89.073,89.3317,88.3161,88.8239,876095
2025-10-21,90.7576,90.7576,90.1189,90.4382,1717183
2025-10-22,90.7684,91.0938,90.3541,90.7239,1486005
2025-10-23,89.8641,90.0626,89.8641,89.9634,1013156
2025-10-24,86.7564,87.3484,86.7564,87.0524,789160
2025-10-27,85.1729,85.4499,84.786,85.118,1198436
2025-10-28,87.0517,87.6144,86.0098,86.8121,1094947
2025-10-29,85.1352,85.1852,84.8832,85.0342,1294897
2025-10-30,84.6299,85.2167,84.044,84.6304,1122495
2025-10-31,81.9509,82.5638,81.5799,82.0719,685403
2025-11-03,84.7648,85.3845,84.6091,84.9968,1114031
2025-11-04,84.1045,84.5603,83.2984,83.9293,1142025
2025-11-05,83.4127,83.6174,82.8277,83.2226,1513746
2025-11-06,81.6239,82.3321,81.549,81.9405,1015143
2025-11-07,83.8537,83.8537,83.2032,83.5284,2071124
2025-11-10,90.2085,90.66,89.4985,90.0792,705391
2025-11-11,89.8935,90.1348,89.0253,89.5801,1854916
2025-11-12,88.4325,88.92,88.4325,88.6762,1170222
2025-11-13,84.7081,84.939,84.7081,84.8235,1619900
2025-11-14,82.2383,82.5646,81.9733,82.269,1282010
2025-11-17,82.6327,82.727,82.3309,82.529,1761835
2025-11-18,82.6282,82.6282,81.9907,82.3094,1114360
2025-11-19,81.8625,82.2474,81.1892,81.7183,900237
2025-11-20,81.4176,81.7184,81.2157,81.467,1916768
2025-11-21,85.0481,85.6007,84.9331,85.2669,1209788
2025-11-24,80.4539,80.5374,79.8771,80.2073,1337707
2025-11-25,83.0213,83.6961,82.7479,83.222,1812876
2025-11-26,82.6748,82.6748,82.5932,82.634,918423
2025-11-27,81.4441,81.7291,81.2749,81.502,1496511
2025-11-28,83.0009,83.0378,82.3066,82.6722,1048668
2025-12-01,82.3788,82.7655,81.7128,82.2392,1045859
2025-12-02,83.6919,83.9731,83.468,83.7205,1112014
2025-12-03,83.9674,84.0089,83.9674,83.9882,693796
2025-12-04,84.6919,85.2083,84.32,84.7641,861429
2025-12-05,84.3915,84.5313,84.0711,84.3012,1632008
2025-12-08,84.1803,84.3005,84.0277,84.1641,1419559
2025-12-09,84.5724,84.9311,84.4651,84.6981,1067903
2025-12-10,85.8289,86.1762,85.5527,85.8645,1170494
2025-12-11,85.8207,86.0433,85.5644,85.8039,996223
2025-12-12,86.9952,87.0668,86.9952,87.031,1634708
2025-12-15,87.7023,88.1095,87.0944,87.602,1024683
2025-12-16,88.6572,89.457,88.2928,88.8749,1166539
2025-12-17,89.4201,90.1542,89.2031,89.6787,1534644
2025-12-18,89.3889,89.6977,89.3889,89.5433,861808
2025-12-19,88.0424,88.6781,88.0424,88.3602,1736942
2025-12-22,88.2787,88.932,88.2257,88.5788,687530
2025-12-23,88.177,88.7927,87.8745,88.3336,1774257
2025-12-24,89.6059,89.6463,88.6946,89.1705,973056
2025-12-25,89.3079,89.6519,89.1991,89.4255,1011748
2025-12-26,89.4739,89.8066,89.0618,89.4342,617229
2025-12-29,90.4529,90.8065,89.9184,90.3624,949377
2025-12-30,90.5127,91.1084,89.8576,90.483,796560
2025-12-31,90.0603,90.565,89.5905,90.0778,906826
2026-01-01,88.8538,89.6172,88.623,89.1201,1044247
2026-01-02,92.3394,92.3891,91.6223,92.0057,1450381
2026-01-05,92.5738,92.7861,91.5289,92.1575,1158088
2026-01-06,92.2434,93.0795,92.1866,92.633,1193383
2026-01-07,92.9336,93.358,92.9336,93.1458,783357
2026-01-08,92.5502,93.2454,91.9846,92.615,835490
2026-01-09,90.802,91.5126,90.5304,91.0215,1866578
2026-01-12,91.5609,91.73,91.1605,91.4452,872780
2026-01-13,92.8875,93.3399,92.774,93.0569,1788454
2026-01-14,94.4809,94.4809,93.617,94.0489,1011638
2026-01-15,93.6995,93.8816,92.9612,93.4214,1088908
2026-01-16,93.1775,93.5373,92.7188,93.128,1500200
2026-01-19,91.8984,92.0868,91.2393,91.663,1593698
2026-01-20,92.4963,92.9238,91.5587,92.2413,1052581
2026-01-21,91.1691,91.8586,90.7369,91.2978,968522
2026-01-22,92.1611,92.7542,91.945,92.3496,1070058
2026-01-23,91.6686,92.1899,91.1116,91.6507,1204273
2026-01-26,92.0198,92.0198,91.6644,91.8421,1421738
2026-01-27,93.1125,93.5266,92.6338,93.0802,1089543
2026-01-28,93.2938,94.3766,92.9494,93.663,1310167
2026-01-29,94.7062,95.2349,94.5584,94.8966,1778903
2026-01-30,94.698,94.9338,94.4972,94.7155,1220038
2026-02-02,95.6392,95.9152,95.3994,95.6573,1194807
2026-02-03,95.7236,95.7236,95.3756,95.5496,689917
2026-02-04,95.3291,95.7936,95.3291,95.5614,494242
2026-02-05,95.2639,95.4538,94.8336,95.1437,1222627
2026-02-06,95.095,95.095,94.8691,94.982,1057642
2026-02-09,95.2424,95.2424,94.4776,94.86,932444
2026-02-10,93.9441,94.585,93.4933,94.0392,1170637
2026-02-11,94.4838,94.574,94.1617,94.3678,1068620
2026-02-12,95.51,96.0455,94.7029,95.3742,1526264
2026-02-13,96.0321,96.4672,95.5032,95.9852,1116638
2026-02-16,95.1322,95.7325,94.579,95.1557,869716
2026-02-17,95.35,95.5018,94.9905,95.2462,1464537
2026-02-18,95.4009,96.4965,95.4009,95.9487,1019538
2026-02-19,95.4605,95.4711,95.125,95.298,1274368
2026-02-20,95.715,96.238,95.1317,95.6848,942957
2026-02-23,95.6484,96.1173,95.286,95.7017,895423
2026-02-24,96.6141,96.6141,95.6323,96.1232,1115987
2026-02-25,97.0698,97.3904,97.0698,97.2301,1092357
2026-02-26,96.7951,97.1069,96.6786,96.8928,1256635
2026-02-27,95.8996,95.9202,94.9288,95.4245,1003903
2026-03-02,95.5297,95.9302,95.5275,95.7288,627244
2026-03-03,94.1774,94.7717,93.8425,94.3071,955669
2026-03-04,93.6093,93.7623,93.5252,93.6437,1380761
2026-03-05,94.3283,94.6666,93.5942,94.1304,995287
2026-03-06,93.5564,93.6514,93.3643,93.5079,1010630
2026-03-09,92.533,93.3069,92.3591,92.833,1462873
2026-03-10,93.2389,93.8534,92.8729,93.3631,878883
2026-03-11,93.6086,93.9953,93.5066,93.7509,684989
2026-03-12,94.0286,94.5324,93.5611,94.0467,1036967
2026-03-13,90.8995,91.2133,90.3923,90.8028,941046
2026-03-16,90.7871,90.9573,90.4272,90.6923,814334
2026-03-17,90.8996,91.2608,90.8996,91.0802,1032389
2026-03-18,92.2782,92.2782,92.2644,92.2713,1261045
2026-03-19,91.7582,92.1312,91.2694,91.7003,1085133
2026-03-20,93.0831,93.0831,92.9212,93.0022,1193134
2026-03-23,93.4907,93.7783,92.9956,93.387,1874818
2026-03-24,93.4953,93.5625,92.9148,93.2386,981793
2026-03-25,94.1851,94.5794,93.5713,94.0753,1182929
2026-03-26,93.7013,93.7041,93.0698,93.387,934003
2026-03-27,93.3601,93.5499,92.9269,93.2384,844155
2026-03-30,91.9354,92.4604,91.4555,91.9579,913033
2026-03-31,93.6086,93.6086,92.7384,93.1735,942576
2026-04-01,94.1436,94.37,93.4997,93.9348,1212073
2026-04-02,94.7,95.0314,94.0973,94.5644,2201661
2026-04-03,95.367,95.5444,95.367,95.4557,877811
2026-04-06,94.9393,95.7712,94.7209,95.2461,960310
2026-04-07,95.6192,96.0485,95.05,95.5493,1067748
2026-04-08,98.1926,98.3499,97.9639,98.1569,1225353
2026-04-09,98.2656,98.7623,98.0711,98.4167,1177689
2026-04-10,98.5002,98.8516,98.0794,98.4655,1599543
2026-04-13,99.6139,99.6139,98.8733,99.2436,525487
2026-04-14,99.4031,99.6938,98.7674,99.2306,531745
2026-04-15,99.087,100.0524,98.6885,99.3704,937748
2026-04-16,99.9064,100.5502,99.3183,99.9342,1512372
2026-04-17,99.3218,99.5954,99.3218,99.4586,680311
2026-04-20,99.5732,100.1924,99.1471,99.6698,441401
2026-04-21,99.1151,99.8783,98.5571,99.2177,1291550
2026-04-22,97.0092,97.5889,96.6616,97.1252,1170682
2026-04-23,96.6104,97.5136,96.3153,96.9145,784606
2026-04-24,97.5945,98.4091,96.8423,97.6257,809634
2026-04-27,97.0528,97.7768,96.6013,97.189,813480
2026-04-28,98.3706,99.2597,98.3706,98.8151,1124850
2026-04-29,98.5047,98.5986,97.4049,98.0017,901761
2026-04-30,98.7238,98.8782,98.0334,98.4558,1262013
2026-05-01,98.8858,99.3795,98.5783,98.9789,462134
2026-05-04,98.7178,99.0387,98.3877,98.7132,841502
2026-05-05,98.2383,99.229,97.8247,98.5269,776214
2026-05-06,100.0837,100.0837,99.6118,99.8477,1007616
2026-05-07,98.8236,99.052,97.6622,98.3571,925959
2026-05-08,98.9202,99.3758,98.387,98.8814,1382429
2026-05-11,99.6233,99.6233,99.3842,99.5038,622935
2026-05-12,100.0392,100.4689,99.5219,99.9954,1103113
2026-05-13,99.2881,99.3278,99.2881,99.308,1286583
2026-05-14,100.3082,100.9389,99.8844,100.4116,1899296
2026-05-15,100.7802,101.3283,100.1656,100.7469,941726
2026-05-18,100.264,100.6607,100.0955,100.3781,1199406
2026-05-19,100.2633,100.7442,99.8921,100.3181,633389
2026-05-20,100.8909,101.712,100.1159,100.914,530944
2026-05-21,101.9308,102.2561,101.6467,101.9514,1402030
2026-05-22,102.2785,102.4576,102.0726,102.2651,1086347
2026-05-25,100.292,101.2588,99.8584,100.5586,1549671
2026-05-26,99.1716,100.1371,98.5623,99.3497,720700
2026-05-27,99.4257,100.1457,99.3463,99.746,1271834
2026-05-28,100.0045,100.3615,99.1598,99.7606,1906243
2026-05-29,99.4278,100.622,99.286,99.954,1234173
2026-06-01,100.3599,100.3599,99.8564,100.1081,1182302
2026-06-02,100.7419,100.7419,100.1334,100.4377,1090958
2026-06-03,101.2081,101.9391,100.6302,101.2847,679243
2026-06-04,101.0324,102.4437,100.9448,101.6942,1634212
2026-06-05,100.5585,101.1653,100.1335,100.6494,905953
2026-06-08,101.468,101.7117,101.2569,101.4843,1265964
2026-06-09,102.3347,103.412,101.7758,102.5939,680844
2026-06-10,101.8556,102.2866,101.6873,101.9869,763877
2026-06-11,102.1498,102.1498,101.4718,101.8108,1673664
2026-06-12,102.4521,102.7612,101.8029,102.2821,980491
2026-06-15,102.1827,103.1474,101.6914,102.4194,1682821
2026-06-16,102.0238,103.0176,101.8482,102.4329,1062920
2026-06-17,101.9142,102.4902,101.505,101.9976,626203
2026-06-18,101.6133,102.1685,101.1667,101.6676,1422064
2026-06-19,100.8417,101.1284,100.3051,100.7168,911669
2026-06-22,100.5145,101.1642,100.1343,100.6492,1341912
2026-06-23,100.5205,100.5205,100.3078,100.4141,1096422
2026-06-24,101.0831,101.0831,100.3967,100.7399,684924
2026-06-25,100.9409,101.1871,100.284,100.7355,1143138
2026-06-26,100.1225,100.3045,99.9645,100.1345,2102982
2026-06-29,101.1308,101.66,100.6942,101.1771,1261605
2026-06-30,100.7656,101.2177,100.4933,100.8555,1069545
2026-07-01,98.4629,98.9105,97.4358,98.1732,1502443
2026-07-02,98.5643,99.4246,98.0137,98.7191,1159153
2026-07-03,98.4442,98.7351,98.131,98.4331,1158759
2026-07-06,98.7053,99.0577,98.3277,98.6927,784272
2026-07-07,98.3677,98.8707,98.1119,98.4913,1167242
2026-07-08,97.4648,98.0703,97.4648,97.7675,1484565
2026-07-09,97.8454,98.1957,97.3373,97.7665,846767
2026-07-10,98.3175,98.5767,98.0883,98.3325,1668355
2026-07-13,97.9291,97.9769,97.6367,97.8068,1058632
2026-07-14,97.925,98.5701,97.5414,98.0558,833733
2026-07-15,97.9951,98.2107,97.1831,97.6969,1467821
2026-07-16,97.6532,98.1018,97.6337,97.8677,998452
2026-07-17,98.3646,98.5125,97.3782,97.9454,1366624
2026-07-20,100.4735,101.025,100.4735,100.7492,996966
2026-07-21,101.1689,101.5145,100.6037,101.0591,1068805
2026-07-22,101.8208,102.2736,101.1262,101.6999,1261823
2026-07-23,101.2524,101.8531,101.0552,101.4541,1187391
2026-07-24,100.4664,100.8526,99.8672,100.3599,597996
2026-07-27,102.0916,102.0916,101.4875,101.7896,777335
2026-07-28,99.5427,100.2634,99.5427,99.9031,1438085
2026-07-29,102.2676,102.5057,101.7727,102.1392,1045869
2026-07-30,101.4106,101.9203,101.4106,101.6655,929944
2026-07-31,100.4971,101.1076,100.3729,100.7403,723913
2026-08-03,99.9791,99.9791,99.7988,99.889,787075
2026-08-04,100.6345,101.0852,100.4769,100.781,593302
2026-08-05,100.4299,101.071,100.3799,100.7254,1055595
2026-08-06,101.3371,101.7409,101.0337,101.3873,909334
2026-08-07,103.81,103.81,103.0824,103.4462,814250
2026-08-10,102.7343,103.5339,102.7343,103.1341,1066148
2026-08-11,102.8955,103.6783,102.6551,103.1667,1213708
2026-08-12,103.5777,103.7846,102.5981,103.1913,2038978
2026-08-13,101.7883,101.7883,101.24,101.5141,691373
2026-08-14,102.2836,102.4731,102.147,102.31,1540803
2026-08-17,99.9087,100.2923,99.9087,100.1005,1457058
2026-08-18,99.5233,99.5233,98.9229,99.2231,861363
2026-08-19,100.9274,100.9274,100.2642,100.5958,1156571
2026-08-20,99.0184,99.0938,98.6074,98.8506,948569
2026-08-21,97.3858,97.6604,97.3858,97.5231,1150499
2026-08-24,96.2756,96.5847,95.9901,96.2874,1711257
2026-08-25,96.1443,96.6025,95.7632,96.1829,1304958
2026-08-26,94.0847,94.4949,93.5191,94.007,1267532
2026-08-27,94.5674,94.5674,94.0233,94.2954,956376
2026-08-28,93.7391,93.8304,93.2366,93.5335,697168
2026-08-31,93.4061,93.808,93.4061,93.607,1022191
2026-09-01,94.2129,94.2595,93.5202,93.8898,1562788
2026-09-02,93.796,93.9385,93.5068,93.7227,688210
2026-09-03,94.5578,94.8814,93.9099,94.3957,792916
2026-09-04,94.3863,94.3863,94.3055,94.3459,1130171
2026-09-07,95.1251,95.7031,95.0772,95.3902,809849
2026-09-08,93.9104,94.351,93.4866,93.9188,857900
2026-09-09,93.5636,94.0972,93.2788,93.688,958304
2026-09-10,95.8466,97.127,95.3206,96.2238,722385
2026-09-11,96.3711,96.7402,95.8351,96.2876,812412
2026-09-14,96.8187,96.8187,96.4338,96.6262,1343822
2026-09-15,96.1917,96.9273,96.1917,96.5595,735120
2026-09-16,97.7039,97.7555,97.668,97.7118,673766
2026-09-17,98.2806,98.5002,97.7468,98.1235,900758
2026-09-18,97.9963,98.1948,97.7375,97.9661,1355372
2026-09-21,98.2987,98.8999,97.7532,98.3266,1025738
2026-09-22,97.8038,98.3729,97.8038,98.0883,946594
2026-09-23,98.6299,98.9438,98.2013,98.5726,1102738
2026-09-24,98.982,99.4403,98.899,99.1697,644537
2026-09-25,99.2814,100.5744,99.0815,99.828,1262256
2026-09-28,100.6306,100.6678,99.9941,100.331,1220816
2026-09-29,99.2746,99.7965,98.2782,99.0373,962421
2026-09-30,97.3491,97.8844,96.7887,97.3366,1471477
2026-10-01,97.2422,97.669,96.7041,97.1865,775878
2026-10-02,98.0701,98.2708,97.3441,97.8075,1526323
2026-10-05,97.2396,97.6504,96.7198,97.1851,1139782
2026-10-06,97.4325,97.4325,97.4043,97.4184,983658
2026-10-07,96.9511,97.3572,96.6892,97.0232,1081692
2026-10-08,97.0291,97.2622,96.1615,96.7119,1053702
2026-10-09,96.6098,96.9091,96.1557,96.5324,1569213
2026-10-12,96.5766,96.6446,96.4149,96.5298,787797
2026-10-13,96.6382,97.3236,96.5684,96.946,865657
2026-10-14,97.3893,98.0405,96.5985,97.3195,1484948
2026-10-15,97.4311,98.2682,97.0001,97.6341,910127
2026-10-16,98.1936,98.7317,97.9693,98.3505,1425680
2026-10-19,98.7207,99.5062,98.3384,98.9223,1811798
2026-10-20,98.2765,98.8611,98.2172,98.5391,964592
2026-10-21,98.0314,98.0314,97.9154,97.9734,1334955
2026-10-22,97.7631,97.7631,97.3434,97.5533,769804
2026-10-23,97.864,98.0904,96.7023,97.3964,1364665
2026-10-26,96.677,97.3082,96.6387,96.9735,1155249
2026-10-27,95.6196,95.9385,95.2667,95.6026,1254078
2026-10-28,96.4602,97.1022,96.4441,96.7731,896567
2026-10-29,97.4577,98.3898,96.8652,97.6275,661109
2026-10-30,97.4774,98.4102,96.9931,97.7017,1265497
2026-11-02,99.0491,99.5762,97.9099,98.7431,585943
2026-11-03,99.3427,99.8073,99.0751,99.4412,989341
2026-11-04,99.8888,100.0801,99.1653,99.6227,1443172
2026-11-05,100.0212,100.0212,99.828,99.9246,1152644
2026-11-06,100.4704,100.5898,99.2004,99.8951,1952268
2026-11-09,97.4316,97.7565,97.4316,97.5941,1479970
2026-11-10,97.2934,97.4181,96.5581,96.9881,894330
2026-11-11,98.4284,98.4284,98.0736,98.251,1097114
2026-11-12,98.9092,99.4303,98.8707,99.1505,1072806
2026-11-13,99.2795,99.2795,98.8188,99.0492,676946
